"VendorNumber,VendorName_x,total_purchase_qty,total_purchase_cost,avg_unit_cost,total_freight,freight_ratio,VendorName_y,total_sales_qty,total_sales_revenue,avg_sales_price,gross_profit,sales_to_cost_ratio,gross_margin_pct"
"54,AAPER ALCOHOL & CHEMICAL CO,1,105.07,105.07,0.0,0.0,0,0.0,0.0,0.0,-105.07,0.0,-inf"
"60,ADAMBA IMPORTS INTL INC    ,708,11461.2,16.218064516129033,54.260000000000005,0.004734233762607755,ADAMBA IMPORTS INTL INC    ,416.0,7071.839999999999,16.997936507936505,-4389.3600000000015,0.617024395351272,-62.068146338152474"
"105,ALTAMAR BRANDS LLC         ,72,2496.3599999999997,34.75153846153846,17.560000000000002,0.007034241856142545,ALTAMAR BRANDS LLC         ,31.0,1429.69,49.19,-1066.6699999999996,0.5727098655642616,-74.60848155893932"
"200,AMERICAN SPIRITS EXCHANGE  ,36,350.28000000000003,9.73,0.63,0.0017985611510791366,AMERICAN SPIRITS EXCHANGE  ,2.0,28.979999999999997,14.489999999999998,-321.3,0.08273381294964027,-1108.6956521739132"
"287,APPOLO VINEYARDS LLC       ,48,501.72,10.4525,2.04,0.004066012915570438,APPOLO VINEYARDS LLC       ,9.0,139.41,15.49,-362.31000000000006,0.2778641473331739,-259.88809984936523"
"388,ATLANTIC IMPORTING COMPANY ,283,6029.72,21.304761904761904,55.54,0.009211041308717485,ATLANTIC IMPORTING COMPANY ,170.0,5856.299999999999,31.380977443609023,-173.42000000000098,0.9712391288484372,-2.9612554001673583"
"480,BACARDI USA INC            ,224333,2760144.71,14.392215794041077,28155.48,0.010200726033672343,BACARDI USA INC            ,145817.0,2497793.43,16.49982598844875,-262351.2799999998,0.904950171978483,-10.503321725848233"
"516,BANFI PRODUCTS CORP        ,34623,246731.88999999998,7.441644182124789,1701.88,0.006897689633877486,BANFI PRODUCTS CORP        ,21850.0,260105.72,12.264358599250253,13373.830000000016,1.0542038971938326,5.141690078941753"
"653,STATE WINE & SPIRITS   ,22581,223052.62,10.979759389671361,2090.06,0.00937025532360929,STATE WINE & SPIRITS   ,15845.0,230790.55,15.429756005533896,7737.929999999993,1.034691051824453,3.3527932577828654"
"660,SAZERAC NORTH AMERICA INC. ,74725,530306.73,7.680886590321389,4735.82,0.008930341125408685,SAZERAC NORTH AMERICA INC. ,50204.0,506497.96,10.666631174070078,-23808.76999999996,0.9551037755074314,-4.700664539695276"
"1003,BRONCO WINE COMPANY        ,100,529.24,5.628571428571428,4.95,0.00935303454009523,BRONCO WINE COMPANY        ,52.0,337.48,6.906666666666666,-191.76,0.6376691104224926,-56.821144956738166"
"1128,BROWN-FORMAN CORP          ,154623,2169886.0,18.50242641298265,21817.23,0.010054551252922964,BROWN-FORMAN CORP          ,98135.0,1854216.15,20.37018185925675,-315669.8500000001,0.8545223804384193,-17.024436444478177"
"1189,BULLY BOY DISTILLERS       ,862,18739.9,21.88537037037037,63.68,0.003398097108309009,BULLY BOY DISTILLERS       ,491.0,13115.09,26.755042979942694,-5624.810000000001,0.6998484516993153,-42.88807777910789"
"1265,BLACK ROCK SPIRITS LLC     ,7,98.35,14.05,2.53,0.0257244534824606,BLACK ROCK SPIRITS LLC     ,12.0,299.88,24.99,201.53,3.0491103202846976,67.20354808590103"
"1273,CALEDONIA SPIRITS INC      ,1244,39685.18,31.289086294416244,375.14,0.009452899041909347,CALEDONIA SPIRITS INC      ,748.0,28913.52,39.12465346534653,-10771.66,0.7285722277182566,-37.254751410412844"
"1392,CONSTELLATION BRANDS INC   ,349074,2332526.75,7.086881905581863,19964.79,0.008559297337104494,CONSTELLATION BRANDS INC   ,229424.0,2444193.56,11.198627551257614,111666.81000000006,1.0478737532163351,4.568656583810001"
"1485,CASTLE BRANDS CORP.        ,15873,257653.46,15.828722778104767,2806.61,0.010892964526849359,CASTLE BRANDS CORP.        ,10434.0,229221.66,22.098407811982785,-28431.79999999999,0.8896510064332146,-12.403627126686017"
"1587,VINEYARD BRANDS INC        ,26298,184537.09,7.519198473282442,1286.4099999999999,0.006971010543192157,VINEYARD BRANDS INC        ,16623.0,184023.02,12.032140905823148,-514.070000000007,0.9972142727513477,-0.2793509203359487"
"1587,VINEYARD BRANDS INC        ,26298,184537.09,7.519198473282442,1286.4099999999999,0.006971010543192157,VINEYARD BRANDS LLC        ,11.0,393.89000000000004,35.656666666666666,-184143.19999999998,0.0021344760557349208,-46749.90479575515"
"1587,VINEYARD BRANDS LLC        ,36,839.8799999999999,23.33,54.230000000000004,0.06456874791636902,VINEYARD BRANDS INC        ,16623.0,184023.02,12.032140905823148,183183.13999999998,219.10632471305428,99.54360057779728"
"1587,VINEYARD BRANDS LLC        ,36,839.8799999999999,23.33,54.230000000000004,0.06456874791636902,VINEYARD BRANDS LLC        ,11.0,393.89000000000004,35.656666666666666,-445.98999999999984,0.4689836643330001,-113.22704308309422"
"1590,DIAGEO CHATEAU ESTATE WINES,28455,203922.79,7.209940891993552,2608.7200000000003,0.012792684917659277,DIAGEO CHATEAU ESTATE WINES,19333.0,219212.95,11.900260185302702,15290.160000000003,1.0749801432198922,6.9750258823668965"
"1601,VRANKEN AMERICA            ,1985,32648.739999999998,16.96689393939394,464.67,0.014232402230530183,VRANKEN AMERICA            ,1355.0,34632.45,25.97056801195815,1983.7099999999991,1.0607591594652657,5.727893926072222"
"1650,Circa Wines                ,564,6756.15,12.1075,48.660000000000004,0.007202326768943852,Circa Wines                ,258.0,4699.42,26.34,-2056.7299999999996,0.6955766227807257,-43.7656136289159"
"1655,FABRIZIA SPIRITS LLC       ,3878,49280.6,12.314054054054056,531.59,0.010787003404991011,FABRIZIA SPIRITS LLC       ,2689.0,41404.11,15.331786743515849,-7876.489999999998,0.8401705742219048,-19.023449604399172"
"1703,ALISA CARR BEVERAGES           ,61,5296.0199999999995,135.58625,21.66,0.004089863708973909,ALISA CARR BEVERAGES           ,109.0,11636.91,111.6775,6340.89,2.1972934392241723,54.489464986839295"
"2000,SOUTHERN GLAZERS W&S OF NE ,619,5186.76,10.0528,17.09,0.00329492785476868,SOUTHERN GLAZERS W&S OF NE ,283.0,3772.17,14.99,-1414.5900000000001,0.7272690465724267,-37.50069588592243"
"2000,SOUTHERN GLAZERS W&S OF NE ,619,5186.76,10.0528,17.09,0.00329492785476868,SOUTHERN WINE & SPIRITS NE ,39609.0,566429.82,14.947204468244372,561243.0599999999,109.20686902806375,99.08430668427732"
"2000,SOUTHERN WINE & SPIRITS NE ,59220,546065.63,10.304576194770062,3737.02,0.00684353637125999,SOUTHERN GLAZERS W&S OF NE ,283.0,3772.17,14.99,-542293.46,0.006907905923322807,-14376.167033829333"
"2000,SOUTHERN WINE & SPIRITS NE ,59220,546065.63,10.304576194770062,3737.02,0.00684353637125999,SOUTHERN WINE & SPIRITS NE ,39609.0,566429.82,14.947204468244372,20364.189999999944,1.037292568660657,3.5951832479441044"
"2242,DELICATO VINEYARDS INC     ,29560,238172.54,9.64026798647996,2398.07,0.010068625039645628,DELICATO VINEYARDS INC     ,18787.0,232607.93,13.202837333843359,-5564.610000000015,0.9766362234705982,-2.39227011736015"
"2396,BLACK PRINCE DISTILLERY INC,96,827.86,8.465,5.73,0.006921460150266953,BLACK PRINCE DISTILLERY INC,128.0,1449.72,12.436808510638297,621.86,1.7511656560287971,42.895179758849984"
"2450,DJINN SPIRITS LLC          ,374,7191.179999999999,20.206969696969693,95.75,0.013314921890426885,DJINN SPIRITS LLC          ,196.0,5023.04,26.160212765957446,-2168.1399999999994,0.6985001070756122,-43.163900745365346"
"2496,DUGGANS DISTILLED PRODUCTS ,2994,29419.97,14.814805825242718,267.89,0.009105719686321909,DUGGANS DISTILLED PRODUCTS ,1473.0,19459.77,15.934303797468353,-9960.2,0.6614476493347886,-51.18354430704988"
"2555,DISARONNO INTERNATIONAL LLC,16523,181631.49,16.137136060894388,1881.57,0.010359271952236918,DISARONNO INTERNATIONAL LLC,10168.0,173439.82,17.769160321949098,-8191.669999999984,0.9548995055868342,-4.723061866646301"
"2561,EDRINGTON AMERICAS         ,9595,300693.8,36.118446327683614,2385.51,0.007933352799425862,EDRINGTON AMERICAS         ,6218.0,276380.82,45.07229736449528,-24312.97999999998,0.9191437269408282,-8.796912897211891"
"2876,CENTEUR IMPORTS LLC        ,102,856.24,8.377142857142857,7.23,0.008443894235261143,CENTEUR IMPORTS LLC        ,46.0,577.54,12.623333333333333,-278.70000000000005,0.6745071475287302,-48.256397825258865"
"3089,SIDNEY FRANK IMPORTING CO  ,26739,246945.59,14.593289777094542,1850.55,0.007493756013217325,SIDNEY FRANK IMPORTING CO  ,19320.0,237080.3,13.370175584292324,-9865.290000000008,0.9600507545002119,-4.1611597420789534"
"3252,E & J GALLO WINERY         ,278106,1828990.92,7.229979507356858,9688.01,0.0052969153067200575,E & J GALLO WINERY         ,182254.0,1860610.35,11.04670961242776,31619.430000000168,1.0172879097726741,1.6994117011119585"
"3551,GILMANTON WINERY & VINEYARD,48,501.6,10.45,1.93,0.003847687400318979,GILMANTON WINERY & VINEYARD,25.0,399.75,15.99,-101.85000000000002,0.7969497607655502,-25.478424015009388"
"3664,WILLIAM GRANT & SONS INC   ,45912,892060.66,25.352329373398558,5704.51,0.006394755710895266,WILLIAM GRANT & SONS INC   ,28250.0,752350.4,31.066869958050983,-139710.26,0.8433847985180739,-18.56983926638439"
"3924,HEAVEN HILL DISTILLERIES   ,53034,422112.86,10.492828989192626,4075.91,0.00965597210186868,HEAVEN HILL DISTILLERIES   ,34394.0,381959.96,13.038815524193547,-40152.899999999965,0.9048763877982775,-10.512332235033211"
"3950,""HOOD RIVER DISTILLERS, Inc."",117,2469.2999999999997,20.82941176470588,24.93,0.010095978617421942,""HOOD RIVER DISTILLERS, Inc."",122.0,2936.7799999999997,24.919824561403505,467.48,1.1893168104321064,15.918114397401236"
"3951,HIGHLAND WINE MERCHANTS LLC,48,643.9200000000001,13.415,21.75,0.033777487886694,HIGHLAND WINE MERCHANTS LLC,4.0,97.96,22.656666666666666,-545.96,0.15213069946577212,-557.3295222539813"
"3960,DIAGEO NORTH AMERICA INC   ,814869,7610876.09,16.10214950966964,67337.64,0.008847554368737595,DIAGEO NORTH AMERICA INC   ,539392.0,6861310.21,17.45775859040361,-749565.8799999999,0.9015138505559351,-10.92452982095966"
"4380,CHARLES JACQUIN ET CIE INC ,6404,48089.15,8.476793248945148,470.34,0.009780584601724089,CHARLES JACQUIN ET CIE INC ,4363.0,44859.47,11.337022666154438,-3229.6800000000003,0.9328397361982901,-7.1995500615589085"
"4425,MARTIGNETTI COMPANIES,389249,4076271.4,11.017819792648444,39363.42,0.009656722072038677,MARTIGNETTI COMPANIES,256826.0,4099927.68,17.066015843479185,23656.28000000026,1.0058034114215262,0.576992616611234"
"4425,MARTIGNETTI COMPANIES,389249,4076271.4,11.017819792648444,39363.42,0.009656722072038677,MARTIGNETTI COMPANIES ,308.0,6000.92,20.228578680203047,-4070270.48,0.0014721590912714988,-67827.44112569405"
"4425,MARTIGNETTI COMPANIES ,454,5943.44,14.231428571428571,24.98,0.0042029531719004485,MARTIGNETTI COMPANIES,256826.0,4099927.68,17.066015843479185,4093984.24,689.8240211056224,99.85503549174798"
"4425,MARTIGNETTI COMPANIES ,454,5943.44,14.231428571428571,24.98,0.0042029531719004485,MARTIGNETTI COMPANIES ,308.0,6000.92,20.228578680203047,57.48000000000047,1.0096711668663267,0.9578531291868659"
"4466,AMERICAN VINTAGE BEVERAGE  ,2409,23821.15,9.862,304.77,0.01279409264456166,AMERICAN VINTAGE BEVERAGE  ,1347.0,17497.53,12.99,-6323.620000000003,0.7345375852970993,-36.1400723416391"
"4550,KLIN SPIRITS LLC           ,1100,16576.98,16.01,146.78,0.008854447553173135,KLIN SPIRITS LLC           ,698.0,15560.019999999999,22.437852760736195,-1016.960000000001,0.9386522756255964,-6.535724247141077"
"4692,KOBRAND CORPORATION        ,23392,268764.75,12.5276715542522,3047.17,0.011337684722419887,KOBRAND CORPORATION        ,16083.0,282679.19,19.049878160618366,13914.440000000002,1.0517718190350482,4.922343240052443"
"4848,LAIRD & CO                 ,3403,30311.4,10.50546255506608,222.58999999999997,0.007343441741391027,LAIRD & CO                 ,2157.0,21899.43,13.586794871794872,-8411.970000000001,0.7224816405708743,-38.41182167755052"
"4950,LATITUDE BEVERAGE COMPANY  ,7418,43896.61,5.962019047619047,465.5,0.010604463533744404,LATITUDE BEVERAGE COMPANY  ,5048.0,47393.52,9.65438020578148,3496.909999999996,1.0796624158448682,7.378455957692099"
"5083,LOYAL DOG WINERY           ,36,348.12,9.67,8.88,0.0255084453636677,LOYAL DOG WINERY           ,11.0,164.89,14.99,-183.23000000000002,0.47365850856026653,-111.12256655952454"
"5270,MANGO BOTTLING INC         ,4006,28766.81,7.2029523809523806,251.24,0.008733676066272207,MANGO BOTTLING INC         ,2655.0,24153.45,9.096250000000001,-4613.360000000001,0.8396290725318518,-19.10021135696971"
"5455,MARSALLE COMPANY           ,1225,31106.87,27.146408450704225,284.43,0.009143639331118818,MARSALLE COMPANY           ,659.0,21682.41,33.348527131782944,-9424.46,0.697029627217396,-43.46592468272669"
"5612,MILTONS DISTRIBUTING CO    ,61,577.74,8.821666666666667,0.87,0.0015058676913490498,MILTONS DISTRIBUTING CO    ,12.0,81.48,6.79,-496.26,0.14103229826565583,-609.0574374079529"
"5992,MCCORMICK DISTILLING CO    ,4677,48767.46,10.95108040201005,379.21000000000004,0.007775881704726882,MCCORMICK DISTILLING CO    ,2871.0,38428.69,14.335590778097982,-10338.769999999997,0.7879985957849763,-26.903779441870114"
"6213,MHW LTD                    ,30642,268703.5,16.04129365469749,1989.02,0.007402285418686396,MHW LTD                    ,21479.0,260911.71,17.36653601694915,-7791.790000000008,0.9710022757425936,-2.9863703702681677"
"6215,MOONLIGHT MEADERY          ,1037,9314.82,8.969780219780219,69.14,0.007422580361187871,MOONLIGHT MEADERY          ,758.0,10206.42,13.350205831903946,891.6000000000004,1.0957184357829781,8.735678131999276"
"6280,UNCORKED       ,74,831.3100000000001,11.956,8.63,0.01038120556711696,UNCORKED       ,1.0,20.99,20.99,-810.32,0.02524930531330069,-3860.5050023820872"
"6355,NICHE W & S                ,1373,17115.21,17.330178571428572,95.61,0.005586259239588647,NICHE W & S                ,1130.0,11409.699999999999,13.145948553054662,-5705.51,0.6666409585392175,-50.00578455174107"
"6359,OLE SMOKY DISTILLERY LLC   ,16272,53350.67,8.881926977687627,308.58,0.005783994840177265,OLE SMOKY DISTILLERY LLC   ,9939.0,49271.61,11.247528786536757,-4079.0599999999977,0.9235424784730913,-8.278722777680692"
"6785,PALM BAY INTERNATIONAL INC ,55673,399366.04,7.7466138019717095,4096.06,0.010256405376881822,PALM BAY INTERNATIONAL INC ,36530.0,394345.4,11.915029405512648,-5020.639999999956,0.9874284753906467,-1.2731579980392709"
"6830,PARK STREET IMPORTS LLC    ,627,9983.01,15.070476190476189,59.480000000000004,0.0059581228507233795,PARK STREET IMPORTS LLC    ,360.0,8073.4,22.3431914893617,-1909.6100000000006,0.8087140050946557,-23.653107736517462"
"7153,PINE STATE TRADING CO      ,63486,474084.61,9.996662606577345,3072.68,0.006481290333385848,PINE STATE TRADING CO      ,41472.0,458054.33999999997,12.409913561847988,-16030.270000000019,0.9661869006884657,-3.4996437322261853"
"7154,PREMIER DISTRIBUTORS       ,826,11692.32,14.993700787401576,99.61,0.008519267348139634,PREMIER DISTRIBUTORS       ,506.0,9868.939999999999,20.22883161512027,-1823.380000000001,0.8440531904703257,-18.475945744933107"
"7239,REMY COINTREAU USA INC     ,21746,514859.88,31.1379575596817,4417.2,0.008579421647691795,REMY COINTREAU USA INC     ,13536.0,424439.14,31.52319933462711,-90420.73999999999,0.8243779647386781,-21.303581945812063"
"7240,""PREMIUM PORT WINES, INC.   "",1243,9109.76,7.350384615384614,126.61,0.013898280525502318,""PREMIUM PORT WINES, INC.   "",851.0,8996.49,10.72972602739726,-113.27000000000044,0.9875660829703526,-1.2590465837232123"
"7245,PROXIMO SPIRITS INC.       ,103602,1170789.19,13.599551625358078,7220.4400000000005,0.006167156360574188,PROXIMO SPIRITS INC.       ,66036.0,1045361.14,17.085204370057482,-125428.04999999993,0.8928688007445645,-11.998537653695443"
"7255,PSP WINES ,2540,19490.77,7.5543781094527365,125.09,0.00641790960541836,PSP WINES ,1384.0,16012.66,11.791143583227445,-3478.1100000000006,0.8215509187169105,-21.721000758150115"
"7749,R.P.IMPORTS INC            ,113,3433.36,38.51285714285715,27.32,0.007957219749749516,R.P.IMPORTS INC            ,104.0,5065.96,54.99,1632.6,1.475510869818487,32.22686322039653"
"8004,SAZERAC CO INC             ,210454,1477361.75,10.079533192757944,14850.36,0.010051945638906653,SAZERAC CO INC             ,138013.0,1313878.02,12.520395590277058,-163483.72999999998,0.8893407589576486,-12.442839252307454"
"8112,MOET HENNESSY USA INC      ,64391,1394772.3,28.697970061238376,13292.39,0.009530150548587751,MOET HENNESSY USA INC      ,41304.0,1321347.69,34.02051143059156,-73424.6100000001,0.9473572783170413,-5.556797091006388"
"8150,SEA HAGG DISTILLERY LLC    ,2493,30107.03,12.588291457286433,213.32999999999998,0.007085720511123149,SEA HAGG DISTILLERY LLC    ,1415.0,22840.85,17.029748953974895,-7266.18,0.7586550383747583,-31.81221364353779"
"8320,SHAW ROSS INT L IMP LTD    ,10233,94159.3,10.489128329297822,850.56,0.00903320224343214,SHAW ROSS INT L IMP LTD    ,6855.0,84675.45,12.937758978925496,-9483.850000000006,0.8992786692339471,-11.200235723577503"
"8352,LUXCO INC                  ,43160,314448.02,9.92991287030122,2074.63,0.006597688228407353,LUXCO INC                  ,28809.0,287647.91,11.256398530529516,-26800.110000000044,0.9147709373396594,-9.31698408655222"
"8663,STAR INDUSTRIES INC.       ,18,295.38,16.41,1.31,0.004434965129663485,STAR INDUSTRIES INC.       ,56.0,1014.4399999999999,18.281666666666666,719.06,3.434355745141851,70.88245731635187"
"8664,""STOLI GROUP,(USA) LLC      "",47589,525095.85,16.439036181210092,2126.94,0.004050574766492632,""STOLI GROUP,(USA) LLC      "",26991.0,464417.49,17.659458209448296,-60678.359999999986,0.8844432687860703,-13.06547692680566"
"8673,STE MICHELLE WINE ESTATES  ,63458,462539.96,7.704914218566393,5384.48,0.011641113126744767,STE MICHELLE WINE ESTATES  ,42290.0,492688.92,12.445911535440208,30148.959999999963,1.0651813088754536,6.1192689293682445"
"8735,SURVILLE ENTERPRISES CORP  ,1003,8248.46,9.226315789473684,66.34,0.00804271342771863,SURVILLE ENTERPRISES CORP  ,756.0,9280.44,13.120484988452656,1031.9800000000014,1.1251118390584427,11.119946899069454"
"8892,TRINCHERO FAMILY ESTATES   ,52879,336522.04,6.159386613386613,1970.55,0.005855634299613779,TRINCHERO FAMILY ESTATES   ,34757.0,349400.27,10.344980354311712,12878.23000000004,1.0382686079045522,3.6858099737587606"
"8920,TAKARA SAKE USA INC        ,1459,7367.7699999999995,6.59827868852459,34.16,0.0046364096599106645,TAKARA SAKE USA INC        ,934.0,6569.66,6.955517241379311,-798.1099999999997,0.8916755001852664,-12.148421683922756"
"9165,ULTRA BEVERAGE COMPANY LLP ,161168,1968428.7,16.11768653770233,12276.880000000001,0.006236893416561139,ULTRA BEVERAGE COMPANY LLP ,105614.0,1793856.74,19.104555325047986,-174571.95999999996,0.9113140547076966,-9.731655605898606"
"9206,PHILLIPS PRODUCTS CO.      ,6032,66977.38,12.778770270270272,521.62,0.007788002456948898,PHILLIPS PRODUCTS CO.      ,4461.0,59434.39,15.34560612329334,-7542.990000000005,0.8873800378575573,-12.691288663011441"
"9260,TY KU LLC                  ,698,9532.02,13.24925925925926,17.87,0.0018747337919979186,TY KU LLC                  ,260.0,4545.9,17.846020942408376,-4986.120000000001,0.4769083573051672,-109.68389097868412"
"9552,M S WALKER INC             ,208395,1652943.44,8.65962541963602,16070.2,0.009722171739887242,M S WALKER INC             ,134418.0,1557527.18,12.621049808026086,-95416.26000000001,0.9422749395466308,-6.12613771529817"
"9622,WEIN BAUER INC             ,343,5084.34,17.262978723404252,93.14999999999999,0.018320962012768616,WEIN BAUER INC             ,272.0,5420.679999999999,23.166315789473682,336.33999999999924,1.066152145607886,6.204756598803089"
"9625,WESTERN SPIRITS BEVERAGE CO,8604,54043.98,12.994768683274023,579.64,0.010725338881407327,WESTERN SPIRITS BEVERAGE CO,4928.0,44260.22,13.748669354838709,-9783.760000000002,0.8189667008240326,-22.10508668958266"
"9744,FREDERICK WILDMAN & SONS   ,11265,115453.5,10.693565976008724,752.79,0.006520287388429108,FREDERICK WILDMAN & SONS   ,6765.0,111750.37,17.33847256015139,-3703.1300000000047,0.9679253552295946,-3.3137518918281925"
"9751,VINEDREA WINES LLC         ,45,1022.4,22.72,6.16,0.006025039123630673,VINEDREA WINES LLC         ,49.0,1279.51,26.400256410256407,257.11,1.251476917057903,20.09441114176521"
"9815,WINE GROUP INC             ,130757,777999.26,7.1985457299753834,6727.21,0.008646807710331241,WINE GROUP INC             ,86057.0,829397.33,10.548075299958628,51398.06999999995,1.0660644201641014,6.197038275973224"
"9819,TREASURY WINE ESTATES      ,75936,456103.45,6.139827471798275,3303.5,0.007242874396148505,TREASURY WINE ESTATES      ,49577.0,470450.63,10.274839292163236,14347.179999999993,1.0314559778050352,3.0496675070878303"
"10000,MAJESTIC FINE WINES        ,65078,507692.83999999997,8.213485201197207,3742.85,0.007372272573314211,MAJESTIC FINE WINES        ,45713.0,563623.71,13.652851821192053,55930.869999999995,1.1101667496433474,9.923441652232833"
"10050,Russian Standard Vodka     ,1927,18859.44,13.00651376146789,250.16,0.013264444755517663,Russian Standard Vodka     ,1567.0,13503.83,13.42973214285714,-5355.609999999999,0.7160249721094583,-39.659933515158286"
"10754,PERFECTA WINES             ,84725,871805.59,12.378002302820954,9145.97,0.010490836609570259,PERFECTA WINES             ,50951.0,797980.07,16.77089067817714,-73825.52000000002,0.9153188269875626,-9.251549352604762"
"11567,CAMPARI AMERICA            ,73623,599294.25,15.589351632749647,6268.85,0.010460387363970204,CAMPARI AMERICA            ,50198.0,572773.02,17.43146719384484,-26521.22999999998,0.9557458961102998,-4.630321099970802"
"12331,STELLAR IMPORTING CO LLC   ,429,3210.7200000000003,7.353,22.759999999999998,0.007088752678526934,STELLAR IMPORTING CO LLC   ,309.0,3413.41,11.576805555555556,202.6899999999996,1.0631291423730502,5.938050219575135"
"12546,JIM BEAM BRANDS COMPANY    ,407916,3623389.21,12.818403337576013,27754.05,0.0076596932847851585,JIM BEAM BRANDS COMPANY    ,262238.0,3181166.62,14.693910972624082,-442222.58999999985,0.8779533292257058,-13.901270911738658"
"17031,FLAG HILL WINERY & VINEYARD,2864,40269.02,15.105543071161048,161.03,0.0039988556960164415,FLAG HILL WINERY & VINEYARD,2015.0,40133.85,20.096180144641682,-135.16999999999825,0.9966433253155901,-0.3367979897268721"
"17032,JEWELL TOWNE VINEYARDS     ,1131,9213.55,8.139157894736842,33.61,0.003647888164713927,JEWELL TOWNE VINEYARDS     ,652.0,8751.98,13.524216335540839,-461.5699999999997,0.949903131800446,-5.273892307797775"
"17033,SEA BREEZE CELLARS LLC     ,1268,16259.61,14.143608247422682,232.83,0.014319531649283101,SEA BREEZE CELLARS LLC     ,685.0,14515.15,21.499859154929577,-1744.460000000001,0.8927120638194889,-12.01820167204611"
"17035,PERNOD RICARD USA          ,250148,3660629.74,18.602889998766802,25573.6,0.006986120371736912,PERNOD RICARD USA          ,160212.0,3218859.12,21.240502995978,-441770.6200000001,0.8793184092964288,-13.724447188605138"
"17037,Dunn Wine Brokers          ,1097,13974.35,14.000508474576272,43.769999999999996,0.0031321671490981686,Dunn Wine Brokers          ,378.0,7433.219999999999,20.435754716981133,-6541.130000000001,0.5319188370120971,-87.99860625677704"
"28750,SMOKY QUARTZ DISTILLERY LLC,417,9131.48,21.83783783783784,44.56,0.004879822328910538,SMOKY QUARTZ DISTILLERY LLC,263.0,7340.37,27.895940594059404,-1791.1099999999997,0.8038532636549607,-24.40081358296652"
"28776,TALL SHIP DISTILLERY LLC   ,304,6551.0,21.302,126.86,0.01936498244542818,TALL SHIP DISTILLERY LLC   ,165.0,4570.349999999999,27.702230215827335,-1980.6500000000005,0.6976568462830102,-43.336943560121234"
"90010,VINEXTRA INC               ,1408,16014.3,10.973455882352942,175.03,0.01092960666404401,VINEXTRA INC               ,804.0,14634.96,17.59526315789474,-1379.3400000000001,0.913868230269197,-9.424965971891965"
"90011,FORTUNE WINE BROKERS LLC   ,868,8022.400000000001,9.506666666666666,29.39,0.0036634922217790187,FORTUNE WINE BROKERS LLC   ,483.0,7349.17,15.836491228070175,-673.2300000000005,0.9160812225767849,-9.160626302017786"
"90017,THE IMPORTED GRAPE LLC     ,314,2534.15,7.858461538461539,18.55,0.007320008681411913,THE IMPORTED GRAPE LLC     ,172.0,2529.2799999999997,13.638214285714286,-4.870000000000346,0.998078251090109,-0.19254491396762502"
"90024,VINILANDIA USA             ,9336,85023.67,9.337179487179487,507.23,0.005965750478660825,VINILANDIA USA             ,5583.0,80063.47,14.692737940026076,-4960.199999999997,0.9416609515914803,-6.195334776271872"
"90027,POVERTY LANE ORCHARDS      ,941,7421.91,7.805890410958905,66.87,0.009009810143211115,POVERTY LANE ORCHARDS      ,658.0,7536.92,11.599498680738787,115.01000000000022,1.0154960111346,1.5259548993488086"
"90032,LABELLE VYDS AND WINERY    ,2035,23178.39,11.314675324675324,190.55,0.00822101966530031,LABELLE VYDS AND WINERY    ,1244.0,20187.56,16.27650442477876,-2990.829999999998,0.870964721881028,-14.815212933113253"
"90037,THE PIERPONT GROUP LLC     ,59,553.85,10.845714285714285,3.2199999999999998,0.005813848514940868,THE PIERPONT GROUP LLC     ,89.0,1395.11,17.86037037037037,841.2599999999999,2.518931118533899,60.30062145637262"
"90046,CANDIA VINEYARDS           ,377,5060.4,13.189117647058824,61.99,0.012250019761283695,CANDIA VINEYARDS           ,255.0,5372.45,20.668756476683935,312.0500000000002,1.0616650857639713,5.808336978473512"
"90047,CRUSH WINES                ,3628,40101.23,13.73603448275862,486.52,0.012132296191413578,CRUSH WINES                ,2523.0,41436.17,16.93655300222387,1334.939999999995,1.0332892532224072,3.2216780653231103"
"90051,FULCHINO VINEYARD INC      ,183,2280.21,12.555625,16.66,0.007306344591068366,FULCHINO VINEYARD INC      ,125.0,2123.75,17.002987012987013,-156.46000000000004,0.9313835129220555,-7.367157151265452"
"90052,HAUNTING WHISPER VYDS      ,71,561.8,7.911666666666666,8.23,0.01464934140263439,HAUNTING WHISPER VYDS      ,64.0,767.36,11.99,205.56000000000006,1.3658953364186546,26.787948290241875"
"90053,INCREDIBREW INC            ,441,3900.94,8.848108108108107,28.93,0.0074161612329336005,INCREDIBREW INC            ,225.0,2963.75,13.159811320754716,-937.19,0.7597527775356708,-31.621762969211304"
"90056,SWEET BABY VINEYARD        ,2433,20334.82,8.358142857142857,76.16,0.003745299933808118,SWEET BABY VINEYARD        ,1439.0,17956.61,12.450059171597633,-2378.209999999999,0.8830474034193566,-13.244203666504974"
"90057,WALPOLE MTN VIEW WINERY    ,134,1611.0,12.08,11.870000000000001,0.0073680943513345755,WALPOLE MTN VIEW WINERY    ,61.0,1045.8899999999999,17.244545454545452,-565.1100000000001,0.649217877094972,-54.03149470785649"
"90058,ZORVINO VINEYARDS          ,1540,12506.44,8.09686567164179,134.67,0.010768052299455318,ZORVINO VINEYARDS          ,1023.0,12548.27,12.12770053475936,41.82999999999993,1.003344676822501,0.3333527251166888"
"90059,BLACK COVE BEVERAGES       ,82,1290.6799999999998,15.74,0.0,0.0,BLACK COVE BEVERAGES       ,51.0,1019.49,19.99,-271.1899999999998,0.7898859515914093,-26.600555179550543"
"98450,Serralles Usa LLC          ,1610,26443.1,15.070372093023256,289.09999999999997,0.010932908773933464,Serralles Usa LLC          ,1058.0,20217.42,19.683907875185735,-6225.68,0.7645631563621511,-30.79364231440016"
"99166,STARK BREWING COMPANY      ,142,3041.64,21.42,41.09,0.013509159532357545,STARK BREWING COMPANY      ,123.0,3688.77,29.99,647.1300000000001,1.2127569337594193,17.543246122691304"
"172662,SWEETWATER FARM         ,192,3934.8199999999997,20.548,26.45,0.006722035569606742,SWEETWATER FARM         ,110.0,3128.3999999999996,28.360786516853928,-806.4200000000001,0.7950554282025607,-25.777394195115722"
"173357,TAMWORTH DISTILLING        ,398,8306.0,21.363,22.48,0.0027064772453647967,TAMWORTH DISTILLING        ,174.0,4748.26,26.829080459770115,-3557.74,0.5716662653503491,-74.92723650347706"
